{"cameraMode":{"drawMode":0,"name":"Shaded","section":"Shading Mode"},"sceneLighting":true,"audioPlay":false,"sceneViewState":{"m_AlwaysRefresh":false,"showFog":true,"showSkybox":true,"showFlares":true,"showImageEffects":true,"showParticleSystems":true,"showVisualEffectGraphs":true,"m_FxEnabled":true},"in2DMode":false,"pivot":{"x":758.833740234375,"y":615.3319702148438,"z":-779.2206420898438},"rotation":{"x":0.09754913300275803,"y":0.04491936042904854,"z":-0.005063928198069334,"w":0.9944435358047485},"size":207.06214904785157,"orthographic":false}